{
  "dataset": {
    "n_transactions": 283726,
    "n_fraud": 473,
    "n_legit": 283253,
    "fraud_rate": 0.001667101358352777,
    "n_features": 30,
    "amount_total": 25102001.68,
    "amount_fraud_total": 58591.39
  },
  "models": {
    "logistic_regression": {
      "pr_auc": 0.6904418802424218,
      "roc_auc": 0.9655021651496839,
      "threshold": 0.5,
      "precision": 0.05181023720349563,
      "recall": 0.8736842105263158,
      "f1": 0.09781968179139658,
      "tp": 83,
      "fp": 1519,
      "fn": 12,
      "tn": 55132,
      "val_pr_auc": 0.8161970798223505,
      "fit_seconds": 0.3
    },
    "random_forest": {
      "pr_auc": 0.8187926575320196,
      "roc_auc": 0.9608938941942774,
      "threshold": 0.5,
      "precision": 0.9324324324324325,
      "recall": 0.7263157894736842,
      "f1": 0.8165680473372781,
      "tp": 69,
      "fp": 5,
      "fn": 26,
      "tn": 56646,
      "val_pr_auc": 0.8740644718745623,
      "fit_seconds": 17.5
    },
    "xgboost": {
      "pr_auc": 0.8195813555452381,
      "roc_auc": 0.9634831549403595,
      "threshold": 0.5,
      "precision": 0.9473684210526315,
      "recall": 0.7578947368421053,
      "f1": 0.8421052631578947,
      "tp": 72,
      "fp": 4,
      "fn": 23,
      "tn": 56647,
      "val_pr_auc": 0.8826742875626542,
      "fit_seconds": 2.0
    },
    "lightgbm": {
      "pr_auc": 0.8129858157029309,
      "roc_auc": 0.9613509865111315,
      "threshold": 0.5,
      "precision": 0.9125,
      "recall": 0.7684210526315789,
      "f1": 0.8342857142857143,
      "tp": 73,
      "fp": 7,
      "fn": 22,
      "tn": 56644,
      "val_pr_auc": 0.8784237827034515,
      "fit_seconds": 2.5
    }
  },
  "policy": {
    "best_model": "xgboost",
    "t_review": 0.008175545047760673,
    "t_block": 0.2522897194164978,
    "single_block_threshold": 0.0030864068349032944,
    "cost_model": {
      "FP_COST": 15.0,
      "REVIEW_COST": 4.0,
      "FN_COST_IS_AMOUNT": true,
      "FN_COST_FLAT": 150.0
    },
    "validation": {
      "approve_all_cost": 7950.55,
      "single_threshold_cost": 2647.71,
      "decision_band_cost": 1630.0555
    },
    "test": {
      "approve_all_cost": 15408.04,
      "decision_band_cost": 4193.622,
      "savings_vs_approve_all": 11214.418000000001,
      "metrics_at_block_threshold": {
        "threshold": 0.2522897194164978,
        "precision": 0.9358974358974359,
        "recall": 0.7684210526315789,
        "f1": 0.8439306358381503,
        "tp": 73,
        "fp": 5,
        "fn": 22,
        "tn": 56646
      }
    }
  }
}